artist_name,song_name,streams
The Weeknd,Blinding Lights,"4,646,503,363"
The Weeknd,Starboy,"3,673,471,314"
Justin Bieber,STAY (with Justin Bieber),"3,416,456,759"
Lady Gaga,Shallow - Radio Edit,"2,639,367,538"
Justin Bieber,Love Yourself,"2,633,767,208"
The Weeknd,Die For You,"2,594,175,849"
The Weeknd,The Hills,"2,522,521,678"
Justin Bieber,Let Me Love You,"2,352,359,892"
Justin Bieber,Sorry,"2,294,631,777"
The Weeknd,Save Your Tears,"2,219,167,728"
The Weeknd,Call Out My Name,"1,979,781,877"
Justin Bieber,I Don't Care (with Justin Bieber),"1,924,392,871"
The Weeknd,I Feel It Coming,"1,873,612,979"
The Weeknd,Can't Feel My Face,"1,873,217,850"
Justin Bieber,Ghost,"1,822,207,612"
The Weeknd,Earned It (Fifty Shades Of Grey),"1,805,687,145"
Justin Bieber,Despacito - Remix,"1,765,518,822"
The Weeknd,Save Your Tears (Remix) (with Ariana Grande) - Bonus Track,"1,736,042,674"
Justin Bieber,What Do You Mean?,"1,727,498,829"
Justin Bieber,Peaches (feat. Daniel Caesar & Giveon),"1,710,350,220"
Justin Bieber,Cold Water,"1,637,372,094"
The Weeknd,"One Of The Girls (with JENNIE, Lily Rose Depp)","1,517,338,177"
Lady Gaga,Poker Face,"1,508,554,791"
The Weeknd,Creepin',"1,500,172,950"
Lady Gaga,Die With A Smile,"1,469,089,162"
Lady Gaga,Always Remember Us This Way,"1,455,947,688"
Lady Gaga,Bad Romance,"1,396,578,750"
Justin Bieber,"I'm the One (feat. Justin Bieber, Quavo, Chance the Rapper & Lil Wayne)","1,300,095,003"
The Weeknd,Stargirl Interlude,"1,279,344,023"
Justin Bieber,Intentions (feat. Quavo),"1,247,838,785"
Lady Gaga,Just Dance,"1,232,290,887"
Justin Bieber,Stuck with U (with Justin Bieber),"1,211,265,001"
The Weeknd,Reminder,"1,153,901,004"
The Weeknd,I Was Never There,"1,148,261,256"
Justin Bieber,Where Are Ã Now,"1,145,478,105"
Lady Gaga,Rain On Me (with Ariana Grande),"1,115,560,661"
Justin Bieber,"10,000 Hours (with Justin Bieber)","1,112,613,126"
Justin Bieber,Baby,"1,111,260,898"
The Weeknd,Often,"1,078,203,468"
The Weeknd,After Hours,"1,063,051,923"
The Weeknd,Heartless,"1,058,475,124"
The Weeknd,Die For You (with Ariana Grande) - Remix,"1,057,922,981"
The Weeknd,"Or Nah (feat. The Weeknd, Wiz Khalifa & DJ Mustard) - Remix","1,055,304,623"
The Weeknd,Lost in the Fire (feat. The Weeknd),"1,027,582,246"
The Weeknd,Moth To A Flame (with The Weeknd),"1,027,329,444"
The Weeknd,Popular (with Playboi Carti & Madonna),"1,025,546,772"
The Weeknd,Love Me Harder,"1,023,742,730"
Justin Bieber,Beauty And A Beat,"1,015,790,248"
The Weeknd,Pray For Me,"1,006,240,050"
The Weeknd,In Your Eyes,"998,209,147"
The Weeknd,Low Life (feat. The Weeknd),"995,693,559"
The Weeknd,You Right,"907,309,525"
Justin Bieber,Mistletoe,"893,006,442"
Justin Bieber,Lonely (with benny blanco),"886,390,438"
Lady Gaga,Million Reasons,"878,112,140"
The Weeknd,Party Monster,"871,376,299"
Justin Bieber,2U (feat. Justin Bieber),"847,042,794"
Justin Bieber,Yummy,"825,983,957"
Justin Bieber,Holy (feat. Chance The Rapper),"819,829,757"
Lady Gaga,Telephone,"803,310,006"
The Weeknd,Is There Someone Else?,"802,936,109"
Justin Bieber,Hold On,"791,076,058"
Justin Bieber,Anyone,"725,719,999"
Justin Bieber,Eenie Meenie,"722,656,837"
Justin Bieber,Friends,"700,378,292"
Lady Gaga,Paparazzi,"698,319,843"
Lady Gaga,Judas,"681,736,060"
The Weeknd,One Right Now (with The Weeknd),"675,334,411"
Lady Gaga,Born This Way,"666,077,902"
Justin Bieber,Company,"650,107,520"
Justin Bieber,Monster (Shawn Mendes & Justin Bieber),"639,369,013"
The Weeknd,Wicked Games,"628,167,214"
Lady Gaga,Applause,"621,254,499"
Justin Bieber,No Brainer,"614,603,802"
Lady Gaga,Bloody Mary,"608,093,920"
Justin Bieber,Confident,"605,944,077"
Justin Bieber,Boyfriend,"603,988,201"
The Weeknd,In The Night,"581,604,892"
Lady Gaga,Alejandro,"532,173,342"
The Weeknd,Acquainted,"525,335,082"
The Weeknd,Out of Time,"503,793,769"
The Weeknd,LA FAMA,"499,735,570"
The Weeknd,The Morning,"493,517,500"
The Weeknd,Smile (with The Weeknd),"488,535,941"
The Weeknd,Take My Breath - Single Version,"479,852,294"
Lady Gaga,LoveGame,"468,700,205"
The Weeknd,Hurricane,"429,822,136"
Justin Bieber,As Long As You Love Me,"429,613,338"
The Weeknd,Sidewalks,"417,039,581"
The Weeknd,Sacrifice,"414,305,287"
The Weeknd,House Of Balloons / Glass Table Girls,"413,612,095"
Justin Bieber,Deja Vu,"411,556,562"
The Weeknd,Some Way,"411,160,229"
The Weeknd,Timeless (with Playboi Carti),"409,079,143"
Lady Gaga,Stupid Love,"392,114,838"
The Weeknd,Lust for Life (with The Weeknd),"386,668,947"
Lady Gaga,I'll Never Love Again - Film Version - Radio Edit,"382,878,838"
The Weeknd,Try Me,"382,490,375"
Lady Gaga,The Cure,"381,118,300"
Lady Gaga,Sour Candy (with BLACKPINK),"380,490,093"
Justin Bieber,bad guy (with Justin Bieber),"380,290,114"
Justin Bieber,Off My Face,"376,473,538"
Justin Bieber,Purpose,"374,759,688"
The Weeknd,Crew Love,"369,983,231"
The Weeknd,Secrets,"369,003,445"
Justin Bieber,I'll Show You,"362,970,672"
The Weeknd,High For This,"356,494,595"
Justin Bieber,Never Say Never,"353,691,104"
The Weeknd,Wasted Times,"352,534,872"
Lady Gaga,Hold My Hand,"348,527,834"
The Weeknd,Hurt You,"335,470,228"
Lady Gaga,The Edge Of Glory,"332,960,336"
Justin Bieber,One Time,"330,155,094"
The Weeknd,Less Than Zero,"329,487,017"
Justin Bieber,Somebody To Love,"328,627,825"
The Weeknd,HawÃ¡i - Remix,"327,231,480"
The Weeknd,K-POP,"326,528,420"
The Weeknd,False Alarm,"321,552,603"
Justin Bieber,Private Landing (feat. Justin Bieber & Future),"315,014,060"
The Weeknd,Six Feet Under,"313,508,600"
The Weeknd,True Colors,"308,644,112"
Justin Bieber,Juke Jam (feat. Justin Bieber & Towkio),"297,737,408"
The Weeknd,What You Need,"292,432,270"
Justin Bieber,Next To You (feat. Justin Bieber),"290,450,668"
Justin Bieber,That Should Be Me,"284,937,396"
Justin Bieber,#thatPOWER,"271,690,082"
The Weeknd,Tell Your Friends,"270,060,185"
The Weeknd,Dark Times,"267,816,247"
The Weeknd,Rockinâ,"267,304,650"
Justin Bieber,"Mood (Remix) feat. Justin Bieber, J Balvin & iann dior","261,021,625"
Justin Bieber,Forever (feat. Post Malone & Clever),"260,135,909"
The Weeknd,A Lonely Night,"259,509,117"
The Weeknd,The Party & The After Party,"259,300,946"
Justin Bieber,All That Matters,"254,569,446"
Justin Bieber,The Feeling,"253,931,293"
Justin Bieber,Hard 2 Face Reality,"253,221,441"
The Weeknd,Often - Kygo Remix,"250,656,750"
Justin Bieber,Favorite Girl,"249,837,524"
Justin Bieber,As I Am (feat. Khalid),"243,204,958"
Justin Bieber,One Less Lonely Girl,"233,176,615"
The Weeknd,Might Not,"231,801,030"
The Weeknd,Coming Down,"230,428,979"
Lady Gaga,I'll Never Love Again - Extended Version,"229,438,515"
Lady Gaga,Perfect Illusion,"227,177,467"
The Weeknd,Over Now (with The Weeknd),"218,558,339"
The Weeknd,Shameless,"218,533,631"
Justin Bieber,Love Me,"217,912,933"
The Weeknd,Ordinary Life,"217,493,650"
The Weeknd,Double Fantasy (with Future),"210,067,056"
The Weeknd,Take My Breath,"208,414,506"
The Weeknd,Prisoner,"206,539,517"
Justin Bieber,Maria I'm Drunk (feat. Justin Bieber & Young Thug),"205,428,681"
The Weeknd,Faith,"203,214,456"
Justin Bieber,No Pressure,"202,190,525"
The Weeknd,Privilege,"201,372,394"
The Weeknd,Power is Power (feat. The Weeknd & Travis Scott),"199,960,884"
The Weeknd,Hardest To Love,"199,935,594"
The Weeknd,Comin Out Strong (feat. The Weeknd),"196,235,669"
The Weeknd,Nothing Without You,"196,039,073"
The Weeknd,Attention,"195,652,943"
The Weeknd,Escape From LA,"194,614,444"
The Weeknd,Alone Again,"194,019,600"
The Weeknd,Too Late,"191,727,426"
Justin Bieber,Sorry - Latino Remix,"190,938,497"
Lady Gaga,You And I,"186,081,703"
Justin Bieber,What Do You Mean? - Acoustic,"183,192,752"
Justin Bieber,Don't Check On Me (feat. Justin Bieber & Ink),"180,802,289"
Justin Bieber,Unstable (feat. The Kid LAROI),"178,489,977"
Justin Bieber,No Sense,"176,727,892"
The Weeknd,All I Know,"175,407,552"
The Weeknd,Scared To Live,"175,263,318"
Justin Bieber,2 Much,"173,924,327"
Justin Bieber,Mark My Words,"173,044,661"
Lady Gaga,911,"169,491,892"
Justin Bieber,Life Is Worth Living,"169,435,555"
The Weeknd,off the table (with The Weeknd),"168,806,814"
The Weeknd,Snowchild,"164,680,238"
The Weeknd,Curve (feat. The Weeknd),"163,292,241"
The Weeknd,Love To Lay,"163,245,609"
Justin Bieber,Nothing Like Us,"161,711,059"
The Weeknd,How Do I Make You Love Me?,"161,358,869"
Lady Gaga,Monster,"161,342,805"
The Weeknd,Gasoline,"158,636,654"
Justin Bieber,Lolly,"156,915,349"
Lady Gaga,Look What I Found,"156,396,990"
Justin Bieber,Essence (feat. Justin Bieber & Tems),"154,538,627"
Justin Bieber,Come Around Me,"154,405,278"
The Weeknd,As You Are,"152,331,822"
The Weeknd,Dancing In The Flames,"149,759,630"
Lady Gaga,Is That Alright?,"149,028,170"
Justin Bieber,Wandered To LA (with Justin Bieber),"147,828,685"
Lady Gaga,Government Hooker,"146,769,321"
Lady Gaga,G.U.Y.,"143,047,084"
Justin Bieber,All Around The World,"140,805,857"
The Weeknd,Angel,"140,707,012"
The Weeknd,Real Life,"137,166,621"
The Weeknd,Missed You - Bonus Track,"136,900,863"
The Weeknd,Twenty Eight,"136,077,790"
Justin Bieber,Honest (feat. Don Toliver),"134,037,521"
The Weeknd,The Zone,"132,838,131"
The Weeknd,Losers,"132,515,795"
The Weeknd,Best Friends,"132,463,461"
The Weeknd,We Still Don't Trust You,"130,399,131"
Lady Gaga,Music To My Eyes,"130,155,308"
The Weeknd,Nothing Compares - Bonus Track,"130,057,865"
The Weeknd,Loft Music,"129,612,964"
Justin Bieber,Heartbreaker,"129,497,089"
Justin Bieber,Maria,"128,462,544"
Lady Gaga,Marry The Night,"128,276,883"
Justin Bieber,The Christmas Song (Chestnuts Roasting On An Open Fire),"126,862,895"
Justin Bieber,Children,"126,267,597"
Justin Bieber,Deserve You,"126,185,236"
The Weeknd,Pray 4 Love (feat. The Weeknd),"124,072,797"
Justin Bieber,Live My Life,"123,468,524"
The Weeknd,Price On My Head (feat. The Weeknd),"123,041,320"
The Weeknd,SÃ£o Paulo (feat. Anitta),"122,342,769"
Justin Bieber,Loved By You (feat. Burna Boy),"121,151,870"
Justin Bieber,Donât Go (with Justin Bieber & Don Toliver),"120,659,581"
Lady Gaga,Do What U Want,"120,012,466"
The Weeknd,Repeat After Me (Interlude),"119,895,692"
The Weeknd,In Your Eyes (with Doja Cat) - Remix,"119,378,392"
The Weeknd,"Fill The Void (with Lily Rose Depp, Ramsey)","119,224,254"
Justin Bieber,Get Me (feat. Kehlani),"118,760,909"
Justin Bieber,Been You,"118,586,340"
Justin Bieber,All I Want For Christmas Is You (SuperFestive!) Duet with Mariah Carey,"117,525,858"
Lady Gaga,John Wayne,"116,034,786"
The Weeknd,D.D.,"115,255,031"
The Weeknd,Until I Bleed Out,"115,062,068"
The Weeknd,CIRCUS MAXIMUS (feat. The Weeknd & Swae Lee),"114,887,525"
Justin Bieber,U Smile,"114,799,630"
The Weeknd,Young Metro,"110,803,264"
The Weeknd,"Here We Goâ¦ Again (feat. Tyler, the Creator)","110,468,772"
Justin Bieber,LET IT GO (feat. Justin Bieber & 21 Savage),"110,130,126"
The Weeknd,I Heard Youâre Married (feat. Lil Wayne),"109,908,522"
Lady Gaga,I Don't Know What Love Is,"108,842,140"
The Weeknd,UnFazed (feat. The Weeknd),"108,741,294"
Justin Bieber,Die For You (feat. Dominic Fike),"107,692,505"
Justin Bieber,Somebody,"106,657,436"
Lady Gaga,Disease,"106,522,445"
Justin Bieber,attention (with Justin Bieber),"106,086,473"
Justin Bieber,Stuck In The Moment,"102,827,274"
The Weeknd,Starry Eyes,"101,977,916"
The Weeknd,Live For,"100,893,246"
Justin Bieber,Snooze (Acoustic) (feat. Justin Bieber),"100,652,591"
The Weeknd,Kiss Land,"97,954,952"
The Weeknd,Reminder (feat. A$AP Rocky & Young Thug) - Remix,"96,567,020"
Justin Bieber,Red Eye (feat. TroyBoi),"95,698,218"
The Weeknd,6 Inch (feat. The Weeknd),"95,246,076"
The Weeknd,The Hills - Remix,"94,613,450"
Justin Bieber,Be Alright,"94,559,177"
Justin Bieber,Habitual,"93,564,705"
Justin Bieber,Get Used To It,"92,839,320"
Lady Gaga,Americano,"92,767,662"
Justin Bieber,Overboard,"92,401,374"
Justin Bieber,Lifetime,"90,719,882"
Lady Gaga,Heavy Metal Lover,"90,449,355"
The Weeknd,Valerie,"90,371,810"
Lady Gaga,Alice,"90,233,769"
Lady Gaga,Replay,"89,943,407"
Justin Bieber,Love You Different (feat. BEAM),"88,740,643"
Lady Gaga,A-YO,"88,669,278"
Lady Gaga,Heal Me,"88,525,737"
The Weeknd,Starboy (feat. Daft Punk) - Kygo Remix,"88,159,781"
Justin Bieber,All Around Me,"87,876,246"
The Weeknd,Odd Look,"87,023,455"
Justin Bieber,Hailey,"86,767,919"
Justin Bieber,Hold Tight,"86,374,152"
Lady Gaga,Joanne,"86,166,955"
Lady Gaga,Venus,"85,490,804"
Lady Gaga,Diggin' My Grave,"85,144,216"
The Weeknd,Professional,"84,564,307"
Lady Gaga,Free Woman,"84,005,245"
Justin Bieber,Christmas Love,"83,700,466"
The Weeknd,Donât Break My Heart,"82,601,524"
Lady Gaga,La Vie En Rose,"82,349,934"
Justin Bieber,Fall,"82,171,811"
Justin Bieber,We Are,"81,793,028"
Justin Bieber,Changes,"81,040,056"
The Weeknd,Nothing Is Lost (You Give Me Strength),"80,261,995"
Justin Bieber,up at night (feat. justin bieber),"79,488,260"
Justin Bieber,As Long As You Love Me - Acoustic Version,"79,308,420"
The Weeknd,Pretty,"79,164,799"
Justin Bieber,Santa Claus Is Coming To Town,"79,069,989"
The Weeknd,"Elastic Heart - From ""The Hunger Games: Catching Fire"" Soundtrack","78,388,125"
Justin Bieber,Right Here,"78,384,874"
The Weeknd,Love In The Sky,"75,951,398"
The Weeknd,Remember You (feat. The Weeknd),"75,802,331"
Justin Bieber,Trust,"75,660,325"
The Weeknd,A Lie,"75,536,401"
The Weeknd,"Where You Belong - From ""Fifty Shades Of Grey"" Soundtrack","75,397,584"
The Weeknd,The Birds Pt. 1,"75,243,341"
Justin Bieber,Die In Your Arms,"74,821,807"
Lady Gaga,Speechless,"71,957,641"
Justin Bieber,All In It,"71,298,555"
Justin Bieber,Never Let You Go,"70,482,957"
The Weeknd,Montreal,"70,247,635"
Justin Bieber,Second Emotion (feat. Travis Scott),"69,935,879"
The Weeknd,The Knowing,"69,255,423"
Lady Gaga,"Eh, Eh (Nothing Else I Can Say)","69,072,796"
Lady Gaga,Babylon,"67,617,095"
The Weeknd,Rolling Stone,"67,601,700"
Justin Bieber,"10,000 Hours (with Justin Bieber) - Piano","66,885,753"
The Weeknd,Can't Feel My Face - Martin Garrix Remix,"66,437,462"
The Weeknd,Blinding Lights (with ROSALÃA) - Remix,"66,432,455"
The Weeknd,King Of The Fall,"66,312,027"
Lady Gaga,Why Did You Do That?,"65,841,140"
The Weeknd,Wanderlust,"65,667,051"
The Weeknd,Dawn FM,"65,659,387"
The Weeknd,Final Lullaby - Bonus Track,"65,537,436"
Justin Bieber,There She Go (feat. Lil Uzi Vert),"64,930,872"
Justin Bieber,Let Me Love You - TiÃ«sto's AFTR:HRS Mix,"64,439,989"
The Weeknd,The Birds Pt. 2,"64,223,912"
Lady Gaga,ScheiBe,"63,582,618"
The Weeknd,Better Believe,"63,355,313"
Justin Bieber,Available,"63,242,868"
The Weeknd,Tears In The Rain,"63,150,724"
Justin Bieber,Boyfriend - Acoustic Version,"62,640,014"
Lady Gaga,Dancin' In Circles,"62,620,149"
Justin Bieber,Intentions - Acoustic,"62,359,527"
The Weeknd,Drinks On Us,"62,103,368"
The Weeknd,Adaptation,"62,066,796"
Justin Bieber,That Should Be Me,"62,021,543"
Lady Gaga,"Beautiful, Dirty, Rich","61,631,004"
Justin Bieber,Wait For A Minute,"61,539,684"
Justin Bieber,Up,"61,228,108"
The Weeknd,You Right - Extended,"60,885,023"
The Weeknd,Lonely Star,"60,812,460"
Justin Bieber,Drummer Boy,"60,542,189"
Lady Gaga,Diamond Heart,"60,354,327"
Justin Bieber,Confirmation,"60,294,759"
The Weeknd,In Vein,"60,293,120"
The Weeknd,XO / The Host,"60,255,112"
Justin Bieber,E.T.A.,"59,636,045"
Lady Gaga,So Happy I Could Die,"59,330,559"
Justin Bieber,Running Over (feat. Lil Dicky),"58,875,550"
Lady Gaga,Starstruck,"58,755,587"
Justin Bieber,Down To Earth,"58,563,018"
Lady Gaga,Teeth,"58,164,551"
The Weeknd,Next,"58,109,447"
Lady Gaga,Sine From Above (with Elton John),"56,847,929"
The Weeknd,The Town,"56,551,438"
Lady Gaga,Before I Cry,"56,517,474"
Justin Bieber,Flatline,"56,348,486"
The Weeknd,Life Of The Party,"55,543,659"
Justin Bieber,That's What Love Is,"55,192,739"
Lady Gaga,aRTPOP,"54,425,773"
Lady Gaga,dANCE IN THE DARK,"54,333,922"
Lady Gaga,Donatella,"54,157,201"
Justin Bieber,Beautiful Love - Free Fire,"53,950,531"
The Weeknd,tears in the club (feat. the weeknd),"53,858,498"
Lady Gaga,eNIGMA,"53,840,770"
Justin Bieber,Christmas Eve,"53,134,552"
The Weeknd,Same Old Song,"52,783,656"
Justin Bieber,Roller Coaster,"52,536,869"
Lady Gaga,Fun Tonight,"52,179,091"
The Weeknd,One of Those Nights (feat. The Weeknd),"51,305,267"
Justin Bieber,Recovery,"50,969,381"
The Weeknd,Belong To The World,"50,922,755"
Justin Bieber,Fa La La,"50,754,704"
Justin Bieber,Beauty And A Beat,"50,691,266"
The Weeknd,"False Idols (with Lil Baby, Suzanna Son)","50,513,284"
The Weeknd,A Tale By Quincy,"50,090,465"
The Weeknd,Bedtime Stories (feat. The Weeknd) - From SR3MM,"50,054,905"
Justin Bieber,Let Me Love You - R3hab Remix,"49,961,732"
Justin Bieber,Pray,"49,921,706"
Lady Gaga,Hair Body Face,"49,559,511"
The Weeknd,Nocturnal,"49,287,124"
Justin Bieber,I Don't Care (with Justin Bieber) - Jonas Blue Remix,"49,182,354"
Lady Gaga,Hair,"48,912,205"
Lady Gaga,Plastic Doll,"48,265,986"
Justin Bieber,Yummy - Summer Walker Remix,"47,948,823"
Lady Gaga,Chromatica II,"47,652,382"
Lady Gaga,Boys Boys Boys,"47,602,589"
The Weeknd,Thursday,"47,566,285"
Justin Bieber,Falling For You with Justin Bieber,"47,023,149"
The Weeknd,Outside,"46,921,595"
Justin Bieber,Where Are Ã Now (with Justin Bieber) - Marshmello Remix,"46,897,627"
The Weeknd,Till Dawn (Here Comes The Sun),"46,499,435"
The Weeknd,Echoes Of Silence,"46,369,446"
The Weeknd,Gone,"46,236,376"
Lady Gaga,Til It Happens To You,"46,198,372"
Lady Gaga,Do What U Want,"46,052,334"
Lady Gaga,Your Song,"45,960,455"
Justin Bieber,Take You,"45,914,926"
Lady Gaga,The Fame,"45,680,214"
Lady Gaga,Main Titles (Youâve Been Called Back to Top Gun),"45,407,473"
Lady Gaga,Hey Girl,"45,318,029"
The Weeknd,Every Angel is Terrifying,"44,726,310"
The Weeknd,All to Myself,"43,996,688"
Lady Gaga,Sexxx Dreams,"43,912,494"
Justin Bieber,Be Alright - Acoustic Version,"43,882,725"
Lady Gaga,1000 Doves,"43,254,667"
Justin Bieber,Bad Day,"42,547,528"
The Weeknd,Initiation,"41,946,438"
Justin Bieber,Believe,"41,877,793"
The Weeknd,Die For You - Sped Up,"41,593,036"
Justin Bieber,I Can't Be Myself (feat. Jaden),"41,475,700"
Lady Gaga,sINNER'S PRAYER,"41,399,519"
The Weeknd,The Fall,"40,411,578"
Justin Bieber,One Love,"40,080,430"
Justin Bieber,Gas Pedal - Remix,"39,863,492"
Justin Bieber,Thought Of You,"39,777,357"
The Weeknd,Another One Of Me (feat. 21 Savage),"39,385,077"
Justin Bieber,Foreign Remix (feat. Justin Bieber),"39,294,346"
Justin Bieber,I Would,"39,222,192"
The Weeknd,Phantom Regret by Jim,"38,895,793"
Justin Bieber,Swap It Out,"38,561,147"
Justin Bieber,Catching Feelings,"38,396,396"
Justin Bieber,Know No Better (feat. DaBaby),"38,122,654"
Justin Bieber,One Life,"38,109,432"
The Weeknd,Thought I Knew You (feat. The Weeknd),"38,021,123"
Justin Bieber,Backpack,"37,904,589"
Justin Bieber,Let Me Love You - Don Diablo Remix,"37,895,270"
Justin Bieber,I Don't Care (with Justin Bieber) - Loud Luxury Remix,"37,795,015"
Justin Bieber,"Peaches (Remix) feat. Ludacris, Usher & Snoop Dogg","37,756,301"
Lady Gaga,Cheek To Cheek,"37,649,080"
Lady Gaga,Money Honey,"37,575,879"
Lady Gaga,Winter Wonderland,"37,171,847"
Lady Gaga,Aura,"37,098,539"
Justin Bieber,Take It Out On Me,"36,841,716"
The Weeknd,Call Out My Name - A Cappella,"36,484,232"
The Weeknd,Best Friends - Remix,"36,276,148"
Justin Bieber,At Least For Now,"35,635,703"
Justin Bieber,Runaway Love,"35,564,099"
The Weeknd,The Hills - Remix,"35,549,401"
Justin Bieber,Memphis,"35,528,842"
Lady Gaga,Chromatica I,"35,508,973"
Lady Gaga,Grigio Girls,"35,341,922"
Justin Bieber,Fall - Live,"34,986,966"
Lady Gaga,Angel Down,"34,895,261"
Justin Bieber,All Bad,"34,792,736"
Justin Bieber,Only Thing I Ever Get For Christmas,"34,768,307"
Lady Gaga,Gypsy,"34,613,569"
Justin Bieber,Take You - Acoustic Version,"34,085,700"
Lady Gaga,Come To Mama,"33,863,978"
Justin Bieber,Name (feat. Tori Kelly),"33,432,026"
The Weeknd,In Your Eyes (feat. Kenny G) - Remix,"33,367,287"
The Weeknd,Heaven Or Las Vegas,"33,297,424"
Lady Gaga,Paper Gangsta,"33,021,880"
Justin Bieber,Cold Water - Lost Frequencies Remix,"32,978,106"
Lady Gaga,Anything Goes,"32,964,735"
The Weeknd,Pullin Up (feat. The Weeknd),"32,846,924"
Lady Gaga,MANiCURE,"32,781,206"
The Weeknd,Dollhouse (with Lily Rose Depp),"32,533,862"
Justin Bieber,All I Want Is You,"32,446,205"
The Weeknd,A Lesser Man,"31,867,561"
Lady Gaga,Fashion!,"31,345,587"
Justin Bieber,Change Me,"31,231,117"
Lady Gaga,Rain On Me - Purple Disco Machine Remix - Edit,"30,961,339"
The Weeknd,Die For It (ft. Nas),"30,599,703"
Lady Gaga,Summerboy,"30,598,938"
The Weeknd,Sacrifice (Remix) (feat. Swedish House Mafia),"30,505,973"
Justin Bieber,She Don't Like The Lights - Acoustic Version,"30,485,947"
Lady Gaga,Top Gun Anthem,"29,911,927"
Lady Gaga,i LIKE IT ROUGH,"29,864,044"
Justin Bieber,Wish You Would (feat. Quavo),"29,603,845"
The Weeknd,One Of The Girls - Sped Up,"29,445,879"
Lady Gaga,Swine,"29,056,130"
Justin Bieber,Angels Speak,"28,673,051"
Lady Gaga,Just Another Day,"28,629,595"
Justin Bieber,First Dance,"28,296,662"
Lady Gaga,Video Phone (feat. Lady Gaga),"27,780,742"
Justin Bieber,Bigger,"27,638,384"
The Weeknd,The Hills - RL Grime Remix,"27,217,379"
Lady Gaga,Chillin,"26,595,088"
Justin Bieber,PYD,"26,573,014"
Justin Bieber,Holy - Acoustic,"26,482,954"
Justin Bieber,What's Hatnin',"25,993,861"
Lady Gaga,Fun Tonight - Pabllo Vittar Remix,"24,859,749"
Justin Bieber,All Around The World - Acoustic Version,"24,633,571"
Lady Gaga,Mary Jane Holland,"24,365,857"
Justin Bieber,What You See (feat. Justin Bieber),"24,258,065"
The Weeknd,Rambo (Last Blood) (feat. The Weeknd),"23,694,009"
Lady Gaga,Joanne (Where Do You Think You're Goin'?) - Piano Version,"23,595,416"
Lady Gaga,Brown Eyes,"23,514,659"
Justin Bieber,Silent Night,"23,492,175"
The Weeknd,Creepin' (feat. 21 Savage) - Remix,"23,481,712"
Lady Gaga,3-Way (The Golden Rule),"23,346,299"
Justin Bieber,Born To Be Somebody,"23,312,703"
Justin Bieber,Home This Christmas,"23,101,343"
The Weeknd,Double Fantasy (with Future) - Radio Edit,"22,661,223"
Justin Bieber,Out Of Town Girl,"22,496,155"
Justin Bieber,Common Denominator - iTunes Bonus,"22,117,333"
Lady Gaga,Dope,"21,820,397"
Lady Gaga,Angel Down - Work Tape,"21,494,564"
Justin Bieber,She Don't Like The Lights,"21,407,408"
Justin Bieber,Yellow Raincoat,"21,210,202"
The Weeknd,Always Be My Fault,"21,155,301"
Lady Gaga,The Lady is a Tramp (feat. Tony Bennett),"21,057,287"
Justin Bieber,Beautiful,"20,992,016"
Lady Gaga,eLECTRIC CHAPEL,"20,341,168"
Justin Bieber,Love Thru the Computer (feat. Justin Bieber),"20,290,844"
Lady Gaga,Bad Kids,"20,260,601"
Justin Bieber,lonely christmas (feat. Justin Bieber & Poo Bear),"19,434,497"
The Weeknd,Poison,"19,308,572"
The Weeknd,Out of Time - KAYTRANADA Remix,"19,290,819"
Justin Bieber,Someday At Christmas,"19,198,218"
Lady Gaga,Jewels N' Drugs,"19,063,037"
Lady Gaga,Happy Mistake,"19,013,903"
Justin Bieber,Turn To You - (Mother's Day Dedication),"18,870,670"
The Weeknd,Gifted,"18,847,361"
The Weeknd,Wanderlust,"18,767,319"
Justin Bieber,"Where Do I Fit In (feat. Tori Kelly, Chandler Moore & Judah Smith)","18,612,106"
The Weeknd,Jealous Guy,"18,170,869"
Lady Gaga,Highway Unicorn (Road To Love),"17,696,938"
Justin Bieber,Freedom (with BEAM),"17,350,853"
Justin Bieber,Lonely - Acoustic,"17,324,704"
The Weeknd,Come Thru (with Mike WiLL Made-It feat. The Weeknd),"17,045,461"
Justin Bieber,Cold Water - Don Omar Remix,"16,901,071"
The Weeknd,After Hours - The Blaze Remix,"16,899,289"
The Weeknd,Devil May Cry - From âThe Hunger Games: Catching Fireâ Soundtrack,"16,762,772"
Justin Bieber,Live My Life - Party Rock Remix,"16,596,294"
Lady Gaga,Disco Heaven,"16,490,798"
Justin Bieber,Fairytale,"15,981,730"
The Weeknd,Like A God,"15,725,401"
Lady Gaga,It Don't Mean A Thing (If It Ain't Got That Swing),"15,677,694"
Lady Gaga,Plastic Doll - Ashnikko Remix,"15,566,139"
The Weeknd,Blinding Lights - Major Lazer Remix,"15,521,568"
Lady Gaga,Darkstar,"15,361,319"
Justin Bieber,Fa La La - A Cappella,"15,340,539"
The Weeknd,Take Me Back,"15,259,531"
Justin Bieber,Baby - Acoustic Version,"15,026,564"
Justin Bieber,Let Me Love You - Sean Paul Remix,"14,683,079"
Justin Bieber,Cold Water - Afrojack Remix,"13,824,636"
Lady Gaga,Black Jesus + Amen Fashion,"13,821,582"
The Weeknd,Call Out My Name - Live,"13,744,330"
Justin Bieber,One Less Lonely Girl - Acoustic,"13,720,540"
The Weeknd,How Do I Make You Love Me? - Sebastian Ingrosso & Salvatore Ganacci Remix,"13,715,219"
Lady Gaga,I Get A Kick Out Of You,"13,663,638"
Lady Gaga,Sweet Sounds Of Heaven (feat. Lady Gaga),"13,611,421"
Lady Gaga,"The Man, The Legend / Touchdown","13,547,114"
The Weeknd,Blinding Lights - Chromatics Remix,"13,169,376"
Justin Bieber,That Should Be Me - Acoustic Version,"13,162,613"
Lady Gaga,Christmas Tree,"12,798,694"
The Weeknd,Moth To A Flame (with The Weeknd) - Extended Mix,"12,638,245"
Lady Gaga,Youâre Where You Belong / Give âEm Hell,"12,610,636"
Lady Gaga,I've Got You Under My Skin,"12,401,730"
The Weeknd,Drunk In Love (feat. The Weeknd) [Remix],"12,391,607"
Lady Gaga,Fashion Of His Love,"12,387,811"
Justin Bieber,One Time - Acoustic Version,"12,297,500"
The Weeknd,"Moth To A Flame (with The Weeknd, Moojo) - Moojo Remix","11,994,018"
Lady Gaga,I Can't Give You Anything But Love,"11,370,039"
Lady Gaga,Nature Boy,"11,292,666"
Justin Bieber,"Where You Go I Follow (feat. Pink Sweat$, Chandler Moore & Judah Smith)","11,190,915"
Justin Bieber,Somebody to Love (feat. Justin Bieber) - Remix,"11,107,076"
Lady Gaga,911 - Sofi Tukker Remix,"10,836,068"
Justin Bieber,Down To Earth - Acoustic Version,"10,791,208"
The Weeknd,Christmas Blues (with The Weeknd),"10,651,248"
Lady Gaga,911 - Charli XCX & A. G. Cook Remix,"10,647,268"
Lady Gaga,I Want Your Love,"10,494,176"
Lady Gaga,Bad Romance - Skrillex Remix,"10,261,898"
The Weeknd,"Moth To A Flame (with The Weeknd, Chris Lake) - Chris Lake Remix","10,077,355"
The Weeknd,Heartless - Vapor Wave Remix,"10,067,980"
The Weeknd,Lust For Life - BloodPopÂ® Remix,"10,016,267"
Lady Gaga,Alejandro - Skrillex Remix,"9,756,029"
Justin Bieber,Let Me Love You - Zedd Remix,"9,744,006"
Lady Gaga,The Queen,"9,713,257"
Justin Bieber,Favorite Girl (Live) - Acoustic Version,"9,576,062"
Lady Gaga,I Won't Dance,"9,573,473"
Justin Bieber,Never Say Never - Acoustic Version,"9,406,133"
Justin Bieber,Stuck In The Moment - Acoustic Version,"9,330,662"
The Weeknd,After Hours - Live,"9,170,202"
Lady Gaga,Close To You,"8,948,554"
Justin Bieber,2U - Seeb Remix,"8,782,180"
Justin Bieber,Runaway Love - Kanye West Remix,"8,754,264"
Lady Gaga,Million Reasons - Andrelli Remix,"8,749,104"
Lady Gaga,Born This Way - The Country Road Version,"8,736,846"
The Weeknd,Starry Eyes - MIKE DEAN Remix,"8,527,003"
Lady Gaga,Sour Candy (with BLACKPINK) - Shygirl & Mura Masa Remix,"8,520,348"
Justin Bieber,U Smile - Acoustic Version,"8,456,798"
Justin Bieber,Where Are Ã Now (with Justin Bieber) - Ember Island Remix,"8,239,994"
Lady Gaga,Free Woman - Rina Sawayama & Clarence Clarity Remix,"8,192,456"
The Weeknd,Is There Someone Else? - Live,"8,087,955"
The Weeknd,One Of The Girls - Slowed,"7,968,596"
Lady Gaga,White Christmas - Live,"7,931,151"
The Weeknd,Often - Live,"7,845,366"
The Weeknd,Save Your Tears - OPN Remix,"7,710,292"
Justin Bieber,Next To You (feat. Justin Bieber) - Radio Edit,"7,630,700"
Lady Gaga,Replay - Dorian Electra Remix,"7,519,894"
Lady Gaga,Poker Face - LLG vs GLG Radio Mix,"7,470,892"
The Weeknd,The Hills - Live,"7,460,458"
Lady Gaga,Dagger One Is Hit / Time To Let Go,"7,381,090"
Lady Gaga,Let's Face The Music And Dance,"7,376,298"
The Weeknd,Starboy - Live,"7,365,987"
Lady Gaga,But Beautiful,"7,324,430"
Lady Gaga,Firefly,"7,324,355"
Lady Gaga,Love For Sale,"7,297,788"
Lady Gaga,Lush Life,"7,191,491"
Justin Bieber,I Feel Funny,"7,135,583"
Lady Gaga,Babylon - Haus Labs Version,"7,125,192"
The Weeknd,Take My Breath - Extended Version,"7,069,386"
Justin Bieber,Attention (with Justin Bieber) - Disclosure Remix,"7,046,114"
Justin Bieber,Rockin' Around The Christmas Tree,"7,040,814"
Lady Gaga,Telephone - Electrolightz Remix,"6,875,858"
Justin Bieber,Where Are Ã Now (with Justin Bieber) - Rustie Remix,"6,833,601"
Lady Gaga,Tally Two / Whatâs The Plan / F-14,"6,832,085"
Lady Gaga,Penny Returns - Interlude,"6,792,227"
The Weeknd,Sacrifice - Live,"6,665,891"
Justin Bieber,Moments,"6,654,670"
Justin Bieber,Where Are Ã Now LIVE (with Justin Bieber),"6,599,198"
The Weeknd,Lust For Life - The Avener Rework,"6,575,309"
The Weeknd,The Lure (Main Theme) (with Mike Dean),"6,399,490"
The Weeknd,Hurricane - Live,"6,392,836"
Justin Bieber,Weâre In This Together,"6,359,498"
Lady Gaga,The Joker,"6,274,181"
The Weeknd,Party Monster - Live,"6,202,610"
The Weeknd,Popular (Sped Up) (with Playboi Carti & Madonna),"6,028,643"
Lady Gaga,Ev'ry Time We Say Goodbye,"6,004,702"
The Weeknd,Nocturnal - Disclosure V.I.P. / Radio Edit,"5,971,418"
The Weeknd,Alone Again - Live,"5,970,868"
The Weeknd,Scared To Live - SNL Live,"5,925,243"
The Weeknd,Crew Love - Live,"5,911,996"
Justin Bieber,Where Are Ã Now (with Justin Bieber) - Kaskade Remix,"5,911,959"
Lady Gaga,Goody Goody,"5,898,974"
The Weeknd,Sexodus,"5,829,121"
The Weeknd,Gasoline - Live,"5,798,053"
Lady Gaga,Sweet Sounds Of Heaven (feat. Lady Gaga) - Edit,"5,778,852"
Lady Gaga,Just Dance - RedOne Remix,"5,754,113"
Lady Gaga,Stupid Love - COUCOU CHLOE Remix,"5,741,160"
Justin Bieber,I Don't Care (with Justin Bieber) - Chronixx & Koffee Remix,"5,727,216"
The Weeknd,Heartless - Live,"5,667,452"
The Weeknd,Blinding Lights - Instrumental,"5,666,694"
Justin Bieber,Overboard (Live),"5,625,590"
The Weeknd,Or Nah - Live,"5,625,095"
The Weeknd,Low Life - Live,"5,609,263"
The Weeknd,I Was Never There - Live,"5,604,496"
The Weeknd,Die For You - Live,"5,574,776"
Justin Bieber,Peaches (Masterkraft Remix) feat. Alpha P & Omah Lay,"5,515,368"
Lady Gaga,Babylon - Bree Runway & Jimmy Edgar Remix,"5,513,188"
The Weeknd,Out of Time - Live,"5,504,586"
The Weeknd,Take My Breath - Live,"5,492,055"
The Weeknd,How Do I Make You Love Me? - Live,"5,484,929"
Justin Bieber,Afraid To Say (feat. Lauren Walters),"5,468,007"
The Weeknd,Exodus,"5,445,928"
Lady Gaga,Rain On Me (with Ariana Grande) - Arca Remix,"5,431,253"
Justin Bieber,Let Me Love You - Tropkillaz & Mc Livinho Remix,"5,402,480"
Lady Gaga,They All Laughed,"5,345,709"
The Weeknd,Dawn FM - OPN Remix,"5,288,693"
Justin Bieber,All She Wrote (feat. Brandon Love & Chandler Moore),"5,256,606"
The Weeknd,Blinding Lights - Live,"5,235,267"
The Weeknd,Faith - Live,"5,219,789"
Lady Gaga,LoveGame - Chew Fu Ghettohouse Fix,"5,182,106"
Lady Gaga,Marry The Night - Zedd Remix,"5,153,202"
Lady Gaga,Bad Romance - Radio Edit,"5,121,867"
Justin Bieber,2U - Symphonic,"5,109,826"
The Weeknd,Can't Feel My Face - Live,"5,102,325"
The Weeknd,Popular (Slowed) (with Playboi Carti & Madonna),"5,072,532"
Justin Bieber,Beauty And A Beat - Wideboys Radio Mix,"4,919,187"
Lady Gaga,Judas - DJ White Shadow Remix,"4,918,892"
Justin Bieber,Private Landing (Sped Up) [feat. Justin Bieber & Future],"4,837,331"
Justin Bieber,One Time (My Heart Edition),"4,786,939"
The Weeknd,Wicked Games - Live,"4,739,626"
The Weeknd,I Feel It Coming - Live,"4,728,191"
The Weeknd,Save Your Tears - Live,"4,670,483"
The Weeknd,Less Than Zero - Live,"4,594,557"
Lady Gaga,Poker Face - Live at The Cherrytree House Piano & Voice Version,"4,559,162"
Justin Bieber,Yummy - Country Remix,"4,546,848"
Lady Gaga,Alice - LSDXOXO Remix,"4,471,526"
The Weeknd,Kiss Land - Live,"4,306,318"
Lady Gaga,Stupid Love - Vitaclub Warehouse Mix,"4,275,651"
Lady Gaga,"The Edge Of Glory - Live From ""A Very Gaga Thanksgiving""","4,185,865"
The Weeknd,Intro - Live,"4,063,393"
The Weeknd,The Morning - Live,"3,920,703"
Lady Gaga,ScheiBe - DJ White Shadow Mugler,"3,918,950"
Lady Gaga,Million Reasons - KVR Remix,"3,801,101"
Lady Gaga,Good Morning,"3,798,475"
Lady Gaga,"Sine From Above (with Elton John) - Chester Lockhart, Mood Killer & Lil Texas Remix","3,774,270"
The Weeknd,Dancing In The Flames - Live from SÃ£o Paulo,"3,768,968"
Lady Gaga,Santa Claus Is Coming To Town,"3,635,889"
Justin Bieber,Beauty And A Beat - Wideboys Club Mix,"3,550,588"
Lady Gaga,That's Life,"3,507,912"
Justin Bieber,2U (feat. Justin Bieber) - Robin Schulz Remix,"3,489,280"
The Weeknd,Dancing In The Flames - Acoustic,"3,487,245"
Lady Gaga,Born This Way - Jost & Naaf Remix,"3,449,525"
Lady Gaga,It's De-Lovely,"3,429,562"
Justin Bieber,Cold Water - Boombox Cartel Remix,"3,368,126"
Lady Gaga,Rain On Me - Purple Disco Machine Remix,"3,351,013"
Lady Gaga,"YoÃ¼ And I - Live from ""A Very Gaga Thanksgiving'""","3,343,376"
Lady Gaga,Fashion Of His Love - Fernando Garibay Remix,"3,174,328"
The Weeknd,Wanderlust - Clean Bandit Remix,"3,168,277"
Lady Gaga,Do I Love You,"3,142,133"
The Weeknd,One Of The Girls - Instrumental,"3,112,780"
Lady Gaga,Folie Ã  Deux,"3,086,641"
Lady Gaga,Free Woman - Honey Dijon Realness Remix Edit,"3,084,764"
Justin Bieber,2U (feat. Justin Bieber) - Tujamo Remix,"3,083,882"
Lady Gaga,Night And Day,"3,026,530"
Lady Gaga,Enigma - Doss Remix,"2,985,424"
Lady Gaga,World On A String,"2,980,330"
The Weeknd,"Moth To A Flame (with The Weeknd, feat. Tourist) - Tourist Remix","2,970,717"
Lady Gaga,Get Happy (2024),"2,968,148"
Lady Gaga,"Retro, Dance, Freak","2,966,034"
Lady Gaga,Big Girl Now,"2,933,415"
Lady Gaga,Applause - Empire Of The Sun Remix,"2,908,951"
Lady Gaga,"Oh, When The Saints","2,884,541"
Lady Gaga,Born This Way - Zedd Remix,"2,873,385"
The Weeknd,Shake It Out - The Weeknd Remix,"2,665,752"
The Weeknd,Nocturnal - Disclosure V.I.P.,"2,602,607"
Justin Bieber,Cold Water - Delirious & Alex K Remix,"2,553,483"
Lady Gaga,Alejandro - The Sound of Arrows Remix,"2,492,829"
Lady Gaga,If My Friends Could See Me Now,"2,486,012"
Lady Gaga,That's Entertainment,"2,485,792"
Lady Gaga,Just Dance - Richard Vission Remix,"2,470,680"
Lady Gaga,1000 Doves - Planningtorock Remix,"2,388,680"
Lady Gaga,sMILE,"2,379,068"
The Weeknd,One Of The Girls - A Cappella,"2,322,537"
Lady Gaga,Paparazzi - Stuart Price Remix,"2,304,653"
Lady Gaga,Let's Do It,"2,257,397"
Lady Gaga,Die With A Smile - Acoustic,"2,247,037"
Lady Gaga,Gonna Build A Mountain,"2,213,790"
Justin Bieber,Cold Water - Ocular Remix,"2,166,928"
Lady Gaga,"Sweet Sounds Of Heaven (feat. Lady Gaga) - Live at Racket, NYC","2,111,867"
The Weeknd,Outro - Live,"2,106,622"
Justin Bieber,Beauty And A Beat - Bisbetic Radio Mix,"2,097,149"
Lady Gaga,I Concentrate On You,"2,073,306"
Lady Gaga,Again Again,"2,054,802"
Justin Bieber,Somebody To Love - J Stax Remix,"2,032,627"
Lady Gaga,Bad Romance - Starsmith Remix,"1,963,350"
Lady Gaga,911 - Bruno Martini Remix,"1,939,004"
Lady Gaga,Bad Romance - Chew Fu H1N1 Fix,"1,912,642"
Lady Gaga,Rain On Me - Ralphi Rosario Remix - Edit,"1,908,593"
Lady Gaga,You're The Top,"1,837,724"
The Weeknd,Wanderlust - Steve Pitron & Max Sanna Radio Edit,"1,825,100"
Justin Bieber,Cold Water - King Henry & Jr Blender Remix,"1,822,117"
The Weeknd,Wanderlust - Steve Pitron & Max Sanna Club Mix,"1,819,824"
Lady Gaga,Dream Dancing,"1,809,835"
Lady Gaga,To Love Somebody - Music From The Motion Picture,"1,788,117"
Lady Gaga,Judas - Goldfrapp Remix,"1,787,255"
Justin Bieber,Let Me Love You - With You. Remix,"1,779,472"
The Weeknd,Take My Breath - Instrumental,"1,760,610"
Lady Gaga,"Orange Colored Sky - Live from ""A Very Gaga Thanksgiving'""","1,727,895"
Lady Gaga,Alejandro - Afrojack Remix,"1,724,389"
Lady Gaga,The Edge Of Glory - Sultan & Ned Shepard Remix,"1,714,915"
Lady Gaga,(They Long To Be) Close To You - Music From The Motion Picture,"1,692,709"
Justin Bieber,As Long As You Love Me - Ferry Corsten Radio,"1,651,075"
The Weeknd,Creepin' (with The Weeknd & 21 Savage) - ChoppedNotSlopped,"1,625,675"
Lady Gaga,Telephone - Alphabeat Remix Edit,"1,623,681"
Lady Gaga,Applause - DJ White Shadow Trap Remix,"1,615,212"
Justin Bieber,Boyfriend - Dada Life Remix,"1,577,314"
The Weeknd,Popular (A Cappella) (with Playboi Carti & Madonna),"1,566,860"
Lady Gaga,The Edge Of Glory - Cahill Club Mix,"1,508,344"
Lady Gaga,Telephone - Passion Pit Remix,"1,498,157"
Lady Gaga,LoveGame - Robots To Mars Remix,"1,490,177"
The Weeknd,Popular (Instrumental) (with Playboi Carti & Madonna),"1,463,957"
Lady Gaga,"Eh, Eh (Nothing Else I Can Say) - Pet Shop Boys Radio Mix","1,442,467"
Lady Gaga,Marry The Night - The Weeknd & Illangelo Remix,"1,430,083"
The Weeknd,Marry The Night - The Weeknd & Illangelo Remix,"1,429,821"
The Weeknd,Out of Time - KAYTRANADA Remix / Radio Edit,"1,415,964"
Lady Gaga,Bad Romance - Bimbo Jones Radio Remix,"1,346,217"
The Weeknd,Out of Time - Instrumental,"1,338,221"
Lady Gaga,Applause - Purity Ring Remix,"1,337,625"
Lady Gaga,The Edge Of Glory - Foster The People Remix,"1,332,021"
Lady Gaga,Alejandro - Rusko's Pupuseria Remix,"1,323,388"
Lady Gaga,Judas - R3HAB Remix,"1,298,199"
Lady Gaga,Rain On Me - Ralphi Rosario Remix,"1,296,292"
Lady Gaga,Dance In The Dark - Monarchy 'Stylites' Remix,"1,287,199"
Lady Gaga,G.U.Y. - KDrew Remix,"1,284,936"
Lady Gaga,Disease - The Antidote Live,"1,248,312"
Lady Gaga,Telephone - DJ Dan Vocal Remix,"1,245,520"
Lady Gaga,YoÃ¼ And I - Wild Beasts Remix,"1,235,525"
Lady Gaga,"Eh, Eh (Nothing Else I Can Say) - FrankMusik ""Cut Snare Edit"" Remix","1,204,360"
Lady Gaga,Judas - Hurts Remix,"1,202,575"
Lady Gaga,Boys Boys Boys - Manhattan Clique Remix,"1,151,169"
Lady Gaga,ScheiÃe - Guena LG Club Remix,"1,138,122"
The Weeknd,K-POP - Chopped & Screwed,"1,073,020"
Lady Gaga,YoÃ¼ And I - Radio Edit,"1,051,834"
Lady Gaga,Folie Ã  Deux - Music From The Motion Picture,"1,048,450"
Lady Gaga,"Eh, Eh (Nothing Else I Can Say) - Electric Piano and Human Beat Box Version","1,042,319"
The Weeknd,Heart Is King / Sacrifice / Knas - Live from Miami,"1,018,026"
Lady Gaga,LoveGame - Dave Aude Radio Edit,"1,017,995"
Lady Gaga,Just Dance - Live at The Cherrytree House Stripped Down Version,"1,004,428"
Justin Bieber,2U (feat. Justin Bieber) - MORTEN Remix,"987,149"
Justin Bieber,As Long As You Love Me - Ferry Corsten Remix,"983,477"
Justin Bieber,As Long As You Love Me - Audien Dubstep Mix,"976,927"
Lady Gaga,Bloody Mary - The Horrors Remix,"972,785"
Lady Gaga,G.U.Y. - St. Lucia Remix,"963,949"
Lady Gaga,Alejandro - Dave Aude Remix,"963,763"
Lady Gaga,911 - Sofi Tukker Extended Remix,"951,369"
Lady Gaga,Born This Way - Bimbo Jones Club Remix,"931,935"
Lady Gaga,Bad Romance - Grum Remix,"928,877"
Lady Gaga,Alejandro - Bimbo Jones Remix,"915,706"
Lady Gaga,Paparazzi - Moto Blanco Radio Mix,"909,091"
Lady Gaga,YoÃ¼ And I - Metronomy Remix,"900,463"
Lady Gaga,Just Dance - Deewaan Remix,"880,912"
Lady Gaga,The Fame - Glam As You Remix - Radio Edit Version,"868,720"
Lady Gaga,Poker Face - Space Cowboy Remix,"863,539"
Lady Gaga,Bad Romance - Kaskade Remix,"821,668"
Lady Gaga,Poker Face - Dave AudÃ© Remix,"801,650"
Lady Gaga,Telephone - Crookers Vocal Remix,"799,261"
Lady Gaga,Electric Chapel - Two Door Cinema Club Remix,"798,189"
Lady Gaga,Poker Face - Jody den Broeder Remix,"796,380"
Lady Gaga,Black Jesus + Amen Fashion - Michael Woods Remix,"792,893"
Lady Gaga,If My Friends Could See Me Now - Music From The Motion Picture,"789,622"
The Weeknd,K-POP - Sped Up,"758,325"
The Weeknd,XO / The Host,"738,409"
Lady Gaga,Gimme Shelter - Live,"723,515"
Justin Bieber,One Less Lonely Girl - French Vocal,"715,889"
Lady Gaga,That's Life - Music From The Motion Picture,"707,680"
Lady Gaga,Die With A Smile - Instrumental,"684,320"
Lady Gaga,Gonna Build a Mountain - Music From The Motion Picture,"670,203"
Lady Gaga,Telephone - Kaskade Extended Remix,"669,501"
Lady Gaga,Telephone - Alphabeat Extended Remix,"666,012"
Lady Gaga,Bewitched - Music From The Motion Picture,"644,255"
Lady Gaga,Born This Way - Twin Shadow Remix,"639,035"
Lady Gaga,Die With A Smile - Live in Las Vegas,"636,203"
Lady Gaga,Bad Romance - DJ Dan Remix,"635,687"
Lady Gaga,Disease - The Poison Live,"633,840"
Justin Bieber,As Long As You Love Me - Audien Dubstep Edit,"633,540"
Lady Gaga,Americano - Gregori Klosman Remix,"627,101"
Justin Bieber,2U - Tom Martin Remix,"610,561"
Lady Gaga,YoÃ¼ And I - Mark Taylor Remix,"603,479"
Lady Gaga,Marry The Night - Afrojack Remix,"579,049"
The Weeknd,Dancing In The Flames - Acapella,"577,758"
Lady Gaga,Telephone - DJ Dan Extended Vocal Remix,"568,033"
The Weeknd,Dancing In The Flames - Instrumental,"565,636"
Lady Gaga,Just Dance - HCCR'S Bambossa Main Mix,"557,585"
Lady Gaga,Marry The Night - Zedd Remix,"556,199"
Lady Gaga,That's Entertainment - Music From The Motion Picture,"538,279"
Lady Gaga,Born This Way - Dada Life Remix,"537,350"
The Weeknd,Love Me Harder - Alex Ghenea Remix,"527,682"
Lady Gaga,LoveGame - Space Cowboy Remix,"518,405"
The Weeknd,Moth To A Flame - Live from Copenhagen,"505,913"
Justin Bieber,Boyfriend - Oliver Twizt Radio,"493,810"
Justin Bieber,Beauty And A Beat - Steven Redant Beauty and The Club Mix,"483,875"
Lady Gaga,Applause - Viceroy Remix,"480,602"
Lady Gaga,Marry The Night - R3hab Remix,"477,144"
Lady Gaga,Paparazzi - James Carameta Tabloid Remix,"460,640"
Lady Gaga,Born This Way - Michael Woods Remix,"448,482"
Lady Gaga,Judas - Royksopp's European Imbecile Mix,"446,095"
Justin Bieber,As Long As You Love Me - Audiobot Remix,"444,666"
Lady Gaga,I've Got the World On A String - Music From The Motion Picture,"433,973"
Justin Bieber,Where Are You Now?,"433,398"
Justin Bieber,Beauty And A Beat - Bisbetic Remix,"430,993"
Justin Bieber,Beauty And A Beat - Steven Redant Beauty and The Dub Mix,"419,116"
Lady Gaga,Judas - Guena LG Club Remix,"416,012"
Lady Gaga,LoveGame - Jody Den Broeder Radio Edit,"398,867"
Justin Bieber,As Long As You Love Me - Audiobot Edit,"397,730"
Lady Gaga,Applause - Bent Collective Club Mix,"393,378"
Justin Bieber,As Long As You Love Me - PAULO & JACKINSKY Club Mix,"393,298"
Lady Gaga,The Edge Of Glory - Bare Noize Remix,"386,785"
Lady Gaga,Telephone - Ming Extended Remix,"384,944"
Lady Gaga,Just Dance - Trevor Simpson Remix,"384,631"
The Weeknd,K-POP - Instrumental,"380,115"
Lady Gaga,Born This Way - DJ White Shadow Remix,"377,329"
Lady Gaga,Paparazzi - Filthy Dukes Remix,"375,976"
Lady Gaga,Applause - Goldhouse Remix,"375,885"
Lady Gaga,Applause - DJ White Shadow Electrotech Remix,"364,337"
Lady Gaga,Disease - The Antidote Live Instrumental,"361,045"
Lady Gaga,G.U.Y. - Lovelife Remix,"358,668"
Lady Gaga,911 - WEISS Remix,"350,653"
Lady Gaga,911 - Bruno Martini Extended Remix,"341,406"
Justin Bieber,Beauty And A Beat - DJ Laszlo Body Rock Radio Mix,"339,933"
Lady Gaga,Alejandro - Kleerup Remix,"323,965"
Lady Gaga,Born This Way - LA Riots Remix,"320,092"
Lady Gaga,Paparazzi - Demolition Crew Remix,"317,931"
Lady Gaga,Born This Way - Grum Remix,"317,115"
Lady Gaga,The Edge Of Glory - Funkagenda Remix,"314,938"
Lady Gaga,Free Woman - Honey Dijon Realness Remix,"311,271"
Lady Gaga,Born This Way - Chew Fu Born To Fix Remix,"311,104"
Lady Gaga,YoÃ¼ And I - 10 Kings Remix,"306,611"
Lady Gaga,Paparazzi - CHEW FU Ghettohouse Fix,"303,257"
Lady Gaga,Applause - Fareoh Remix,"295,144"
Lady Gaga,"Eh, Eh (Nothing Else I Can Say) - Random Soul Remix","290,794"
Lady Gaga,The Edge Of Glory - Porter Robinson Remix,"289,534"
Lady Gaga,Marry The Night - Dimitri Vegas & Like Mike Remix,"282,499"
Justin Bieber,Beauty And A Beat - Wideboys Dub,"277,174"
Lady Gaga,G.U.Y. - Wayne G Throwback Anthem,"261,542"
Lady Gaga,Judas - John Dahlback Remix,"250,317"
Lady Gaga,Marry The Night - Danny Verde Remix,"250,044"
Lady Gaga,Telephone - Doctor Rosen Rosen Main Remix,"248,781"
Lady Gaga,G.U.Y. - Rami Samir Afuni Remix,"247,478"
Justin Bieber,Boyfriend - Oliver Twizt Club,"239,425"
Lady Gaga,YoÃ¼ And I - ATB Remix,"238,244"
Lady Gaga,Alejandro - Kim Fai Remix,"236,700"
Lady Gaga,Telephone - Tom Neville's Ear Ringer Radio Remix,"235,637"
Justin Bieber,As Long As You Love Me - PAULO & JACKINSKY Radio,"235,490"
Justin Bieber,Boyfriend - Vice Radio,"234,952"
Justin Bieber,As Long As You Love Me - Audiobot Instrumental,"231,543"
Justin Bieber,As Long As You Love Me - Ferry Corsten Club Dub,"228,010"
Lady Gaga,LoveGame - Dave Aude Club Mix,"208,708"
Justin Bieber,Private Landing (Acapella) [feat. Justin Bieber & Future],"206,292"
Justin Bieber,Beauty And A Beat - DJ Laszlo Body Rock Club Mix,"204,881"
Lady Gaga,Bad Romance - Hercules & Love Affair Remix,"204,039"
Lady Gaga,Marry The Night - Sander Van Doorn Remix,"200,473"
Lady Gaga,Poker Face - Tommy Sparks & The Fury Remix,"199,874"
Justin Bieber,Beauty And A Beat - Bisbetic Instrumental,"199,387"
Lady Gaga,"Eh, Eh (Nothing Else I Can Say) - Pet Shop Boys Extended Mix","194,242"
Lady Gaga,LoveGame - Jody Den Broeder Club Mix,"190,940"
Lady Gaga,Poker Face - Glam As You Club Mix,"190,252"
Lady Gaga,Paparazzi - Yuksek Remix,"187,357"
Lady Gaga,Judas - Mirrors Une Autre Monde Mix â Nuit,"186,795"
Justin Bieber,As Long As You Love Me - PAULO & JACKINSKY Dub,"183,486"
Lady Gaga,YoÃ¼ And I - Mark Taylor Remix Radio Edit,"182,633"
Lady Gaga,Poker Face - Jody den Broeder Edit,"181,584"
Lady Gaga,Telephone - Kaskade Radio Remix,"181,042"
Lady Gaga,Disease - The Poison Live Instrumental,"178,182"
Lady Gaga,"Eh, Eh (Nothing Else I Can Say) - Mattafix Mix","175,002"
Justin Bieber,Boyfriend - Joe Gauthreaux & Peter Barona Full Vocal Club Mix,"168,581"
Justin Bieber,Beauty And A Beat - DJ Laszlo Body Rock Instrumental,"166,430"
Lady Gaga,Marry The Night - Sidney Samson Remix,"159,399"
Justin Bieber,Boyfriend - Oliver Twizt Instrumental,"150,002"
Lady Gaga,YoÃ¼ And I - Danny Verde Remix,"149,328"
Justin Bieber,Boyfriend - Vice Instrumental,"142,544"
Justin Bieber,Boyfriend - Joe Gauthreaux & Peter Barona Club Mix,"140,541"
Lady Gaga,Marry The Night - John Dahlback Remix,"134,323"
Lady Gaga,Judas - Thomas Gold Remix,"133,774"
Lady Gaga,Telephone - Tom Nevilleâs Ear Ringer Remix,"133,182"
Justin Bieber,Boyfriend - Joe Gauthreaux Dark Dub,"132,514"
Lady Gaga,Marry The Night - Lazy Rich Remix,"132,273"
Lady Gaga,Paparazzi - Acoustic In Paris,"128,525"
Lady Gaga,Judas - Chris Lake Remix,"127,518"
Lady Gaga,Just Dance - Tony Arzadon Remix,"124,123"
Lady Gaga,"Eh, Eh (Nothing Else I Can Say) - Bollywood Remix","123,010"
Lady Gaga,Poker Face - LLG vs GLG Club Mix,"122,693"
Lady Gaga,Just Dance - Space Cowboy Remix,"117,749"
The Weeknd,Love Me Harder - Gregor Salto Amsterdam Mix,"116,844"
Lady Gaga,Judas - Mirrors Une Autre Monde Mix â Jour,"108,967"
Lady Gaga,Marry The Night - Quintino Remix,"107,712"
